index,pre,rec,spe,f1,geo,iba,sup
Negative,0.9856834143706105,0.9926550598476604,0.9068541300527241,0.9891569531038221,0.948785192095969,0.90791708330366,3676
Positive,0.9502762430939227,0.9068541300527241,0.9926550598476604,0.9280575539568345,0.948785192095969,0.8924695981775095,569
avg_pre,0.9809374354645009,0.9809374354645009,0.9809374354645009,0.9809374354645009,0.9809374354645009,0.9809374354645009,0.9809374354645009
avg_rec,0.9811542991755006,0.9811542991755006,0.9811542991755006,0.9811542991755006,0.9811542991755006,0.9811542991755006,0.9811542991755006
avg_spe,0.918354890724884,0.918354890724884,0.918354890724884,0.918354890724884,0.918354890724884,0.918354890724884,0.918354890724884
avg_f1,0.9809671867635075,0.9809671867635075,0.9809671867635075,0.9809671867635075,0.9809671867635075,0.9809671867635075,0.9809671867635075
avg_geo,0.948785192095969,0.948785192095969,0.948785192095969,0.948785192095969,0.948785192095969,0.948785192095969,0.948785192095969
avg_iba,0.9058465016695542,0.9058465016695542,0.9058465016695542,0.9058465016695542,0.9058465016695542,0.9058465016695542,0.9058465016695542
total_support,4245,4245,4245,4245,4245,4245,4245
